{"tr_loss": [0.6075876212120056, 0.3574957251548767, 0.30328038945794106, 0.2652840031683445, 0.21054695606231688, 0.20864947229623795, 0.19403949111700058, 0.19904314145445823, 0.18238164201378823, 0.17375685036182403, 0.15935433849692346], "tr_acc": [0.649375, 0.873125, 0.91125, 0.9275, 0.959375, 0.9625, 0.975625, 0.9675, 0.975625, 0.983125, 0.99], "va_loss": [0.4434404039382935, 0.26586677034695944, 0.27017872711022695, 0.19570583979288736, 0.205820099512736, 0.18442165454228718, 0.1891669899225235, 0.17092016319433848, 0.19455953737099965, 0.1764886595805486, 0.17393237670262654], "va_acc": [0.8233333333333334, 0.9433333333333334, 0.9266666666666666, 0.9766666666666667, 0.97, 0.98, 0.98, 0.9766666666666667, 0.9733333333333334, 0.98, 0.99]}